<?xml version='1.0' encoding='UTF-8' ?>
<timeLogEntries>
  <time id="32" path="/Proyecto_AED/PSP0/Planning" start="@1557194185000" delta="150" interrupt="50" flag="A" />
  <time id="33" path="/Proyecto_AED/PSP0/Planning" start="@1557346604000" delta="186" interrupt="259" flag="A" />
  <time id="34" path="/Proyecto_AED/PSP0/Planning" start="@1557443176000" delta="130" flag="A" />
  <time id="35" path="/Proyecto_AED/PSP0/Planning" start="@1557708926000" delta="176" flag="A" />
  <time id="36" path="/Proyecto_AED/PSP0/Planning" start="@1557866172000" delta="200" flag="A" />
  <time id="37" path="/Proyecto_AED/PSP0/Design" start="@1557953967000" delta="323" flag="A" />
  <time id="38" path="/Proyecto_AED/PSP0/Design" start="@1558034975000" delta="372" flag="A" />
  <time id="39" path="/Proyecto_AED/PSP0/Design" start="@1558228155000" delta="187" flag="A" />
  <time id="40" path="/Proyecto_AED/PSP0/Design" start="@1558379643000" delta="249" flag="A" />
  <time id="41" flag="D" />
  <time id="42" path="/Proyecto_AED/PSP0/Design" start="@1558474796000" delta="80" flag="A" />
  <time id="43" path="/Proyecto_AED/PSP0/Code" start="@1558552760000" delta="214" flag="A" />
  <time id="44" path="/Proyecto_AED/PSP0/Code" start="@1558627180000" delta="262" interrupt="34" flag="A" />
  <time id="45" path="/Proyecto_AED/PSP0/Code" start="@1558717930000" delta="95" interrupt="40" flag="A" />
  <time id="46" path="/Proyecto_AED/PSP0/Code" start="@1558791931000" delta="495" flag="A" />
  <time id="47" path="/Proyecto_AED/PSP0/Code" start="@1558879325000" delta="594" interrupt="136" flag="A" />
  <time id="48" path="/Proyecto_AED/PSP0/Code" start="@1558968353000" delta="208" interrupt="50" flag="A" />
  <time id="49" path="/Proyecto_AED/PSP0/Code" start="@1559050494000" delta="634" interrupt="236" flag="A" />
  <time id="50" flag="D" />
</timeLogEntries>
