<?xml version='1.0' encoding='UTF-8' ?>
<timeLogEntries>
  <time id="1" path="/Lab2/PSP0/Planning" start="@1550966681000" delta="260" />
  <time id="2" path="/Lab2/PSP0/Planning" start="@1551100004000" delta="65" />
  <time id="3" path="/Lab2/PSP0/Planning" start="@1551298623000" delta="34" />
  <time id="4" path="/Lab2/PSP0/Design" start="@1551402955000" delta="197" />
  <time id="5" path="/Lab2/PSP0/Design" start="@1551461718000" delta="26" />
  <time id="6" path="/Lab2/PSP0/Design" start="@1551629531000" delta="177" interrupt="83" />
  <time id="7" path="/Lab2/PSP0/Design" start="@1552515216000" delta="192" />
  <time id="8" path="/Lab2/PSP0/Code" start="@1551663154000" delta="97" interrupt="30" />
  <time id="9" path="/Lab2/PSP0/Code" start="@1551726262000" delta="123" interrupt="75" />
  <time id="10" path="/Lab2/PSP0/Code" start="@1551899802000" delta="109" interrupt="15" />
  <time id="11" path="/Lab2/PSP0/Code" start="@1552010537000" delta="55" interrupt="17" />
  <time id="12" path="/Lab2/PSP0/Code" start="@1552180992000" delta="158" />
  <time id="13" path="/Lab2/PSP0/Code" start="@1552263557886" delta="301" />
  <time id="14" path="/Lab2/PSP0/Code" start="@1552330425638" delta="6" />
  <time id="15" path="/Lab2/PSP0/Code" start="@1552332652599" delta="303" />
  <time id="16" path="/Lab2/PSP0/Code" start="@1552419910043" delta="159" />
  <time id="17" path="/Lab2/PSP0/Code" start="@1552435057904" delta="493" interrupt="450" />
  <time id="18" path="/Lab3/PSP0/Planning" start="@1554752015000" delta="160" interrupt="95" comment="analisis del proyecto" />
  <time id="19" path="/Lab3/PSP0/Planning" start="@1554823521000" delta="147" interrupt="43" />
  <time id="20" path="/Lab3/PSP0/Planning" start="@1555032860000" delta="119" interrupt="51" comment="desarrolo de los requerimientos" />
  <time id="21" path="/Lab3/PSP0/Planning" start="@1555099631000" delta="214" interrupt="76" comment="" />
  <time id="22" path="/Lab3/PSP0/Design" start="@1555169380000" delta="234" interrupt="72" comment="busqueda de soluciones" />
  <time id="23" path="/Lab3/PSP0/Design" start="@1555189978000" delta="86" interrupt="50" comment="" />
  <time id="24" path="/Lab3/PSP0/Design" start="@1555342330000" delta="200" interrupt="232" />
  <time id="25" path="/Lab3/PSP0/Design" start="@1555439578716" delta="80" />
  <time id="26" path="/Lab3/PSP0/Code" start="@1555449232000" delta="143" interrupt="60" />
  <time id="27" path="/Lab3/PSP0/Code" start="@1555508071000" delta="311" interrupt="192" />
  <time id="28" path="/Lab3/PSP0/Code" start="@1555622123000" delta="170" interrupt="190" />
  <time id="29" path="/Lab3/PSP0/Code" start="@1555809822000" delta="180" interrupt="130" />
  <time id="30" path="/Lab3/PSP0/Code" start="@1555888425000" delta="211" interrupt="36" />
  <time id="31" path="/Proyecto_AED/PSP0/Planning" start="@1557104273968" delta="40" />
</timeLogEntries>
